jacques-n,Jacques Nadeau,https://github.com/jacques-n
rymurr,Ryan Murray,https://github.com/rymurr
laurentgo,Laurent Goujon,https://github.com/laurentgo
snazy,Robert Stupp,https://github.com/snazy
nastra,Eduard Tudenhoefner,https://github.com/nastra
dimas-b,Dmitri Bourlatchkov,https://github.com/dimas-b
omarsmak,Omar Al-Safi,https://github.com/omarsmak
tomekl007,Tomasz Lelek,https://github.com/tomekl007
XN137,Christopher Lambert,https://github.com/XN137
harshm-dev,Harsh Maheshwari,https://github.com/harshm-dev
ajantha-bhat,Ajantha Bhat,https://github.com/ajantha-bhat
